"scientificName","decimalLatitude","decimalLongitude","genericName"
"Capreolus capreolus (Linnaeus, 1758)",59.825661,17.666349,"Capreolus"
"Mustela putorius Linnaeus, 1758",57.116121,15.374891,"Mustela"
"Lepus europaeus Pallas, 1778",57.786764,14.272918,"Lepus"
"Sciurus vulgaris Linnaeus, 1758",67.850154,20.328848,"Sciurus"
"Lepus europaeus Pallas, 1778",59.82222,17.707169,"Lepus"
"Apodemus sylvaticus (Linnaeus, 1758)",59.663287,6.375739,"Apodemus"
"Lepus timidus Linnaeus, 1758",58.837681,8.732182,"Lepus"
"Capreolus capreolus (Linnaeus, 1758)",60.809981,11.701446,"Capreolus"
"Lutra lutra (Linnaeus, 1758)",68.762164,14.704182,"Lutra"
"Sciurus vulgaris Linnaeus, 1758",60.085943,10.078873,"Sciurus"
"Phocoena phocoena (Linnaeus, 1758)",59.983908,5.933364,"Phocoena"
"Lepus timidus Linnaeus, 1758",63.24965,10.442538,"Lepus"
"Alces alces (Linnaeus, 1758)",68.103692,15.519528,"Alces"
"Sorex araneus Linnaeus, 1758",59.168828,10.265848,"Sorex"
"Lepus timidus Linnaeus, 1758",62.824485,10.111787,"Lepus"
"Rattus norvegicus (Berkenhout, 1769)",57.687627,11.947701,"Rattus"
"Sciurus vulgaris Linnaeus, 1758",59.60701,16.441398,"Sciurus"
"Dama dama (Linnaeus, 1758)",59.232966,18.301341,"Dama"
"Sciurus vulgaris Linnaeus, 1758",59.397256,17.963296,"Sciurus"
"Sciurus vulgaris Linnaeus, 1758",63.82125,20.334471,"Sciurus"
"Alces alces (Linnaeus, 1758)",63.809584,20.338954,"Alces"
"Lutra lutra (Linnaeus, 1758)",62.416367,17.733193,"Lutra"
"Phoca vitulina Linnaeus, 1758",56.195055,16.400928,"Phoca"
"Capreolus capreolus (Linnaeus, 1758)",59.800696,17.590154,"Capreolus"
"Sciurus vulgaris Linnaeus, 1758",59.853576,17.630569,"Sciurus"
"Capreolus capreolus (Linnaeus, 1758)",59.835958,17.703881,"Capreolus"
"Sciurus vulgaris Linnaeus, 1758",57.6777,11.931037,"Sciurus"
"Oryctolagus cuniculus (Linnaeus, 1758)",59.346176,18.105527,"Oryctolagus"
"Vulpes vulpes (Linnaeus, 1758)",56.604204,14.172208,"Vulpes"
"Capreolus capreolus (Linnaeus, 1758)",59.753945,16.966813,"Capreolus"
"Halichoerus grypus (Fabricius, 1791)",58.80019,17.790748,"Halichoerus"
"Vulpes vulpes (Linnaeus, 1758)",59.830212,17.664912,"Vulpes"
"Sciurus vulgaris Linnaeus, 1758",56.91572,14.854263,"Sciurus"
"Capreolus capreolus (Linnaeus, 1758)",59.843527,16.814908,"Capreolus"
"Procyon lotor (Linnaeus, 1758)",47.395195,-122.466248,"Procyon"
"Procavia capensis capensis",-30.340706,30.73311,"Procavia"
"Geomys pinetis Rafinesque, 1817",32.337611,-85.20885,"Geomys"
"Sciurus niger Linnaeus, 1758",41.405277,-82.336388,"Sciurus"
"Vulpes vulpes (Linnaeus, 1758)",38.80708,-77.272728,"Vulpes"
"Didelphis virginiana Kerr, 1792",28.475338,-81.464792,"Didelphis"
"Sciurus carolinensis Gmelin, 1788",45.37393,-75.795595,"Sciurus"
"Ondatra zibethicus (Linnaeus, 1766)",51.198286,6.232969,"Ondatra"
"Trichosurus vulpecula (Kerr, 1792)",-27.52554,152.879136,"Trichosurus"
"Sciurus carolinensis Gmelin, 1788",35.198718,-89.760429,"Sciurus"
"Trichechus manatus Linnaeus, 1758",25.909666,-81.215071,"Trichechus"
"Puma concolor (Linnaeus, 1771)",37.047464,-121.425608,"Puma"
"Canis latrans Say, 1823",38.87273,-121.312783,"Canis"
"Odocoileus virginianus (Zimmermann, 1780)",32.844507,-97.471541,"Odocoileus"
"Macropus giganteus Shaw & Nodder, 1790",-35.2,149.3,"Macropus"
"Castor fiber Linnaeus, 1758",52.502705,10.560565,"Castor"
"Sus scrofa Linnaeus, 1758",52.320574,10.432155,"Sus"
"Sciurus niger Linnaeus, 1758",31.306837,-97.361892,"Sciurus"
"Cynomys ludovicianus (Ord, 1815)",39.968716,-105.146904,"Cynomys"
"Panthera leo leo",11.530887,1.425899,"Panthera"
"Odocoileus hemionus (Rafinesque, 1817)",37.468211,-122.285496,"Odocoileus"
"Rupicapra rupicapra (Linnaeus, 1758)",47.723,13.008665,"Rupicapra"
"Vulpes vulpes (Linnaeus, 1758)",45.177064,7.303793,"Vulpes"
"Otospermophilus beecheyi (Richardson, 1829)",34.278124,-118.803234,"Otospermophilus"
"Canis latrans Say, 1823",32.770997,-117.11395,"Canis"
"Sylvilagus bachmani (Waterhouse, 1839)",37.084717,-122.062672,"Sylvilagus"
"Dasypus novemcinctus Linnaeus, 1758",27.806599,-81.55549,"Dasypus"
"Canis latrans Say, 1823",NA,NA,"Canis"
"Procyon lotor (Linnaeus, 1758)",30.367919,-88.823503,"Procyon"
"Procyon lotor (Linnaeus, 1758)",37.202901,-76.736375,"Procyon"
"Sciurus carolinensis Gmelin, 1788",38.908611,-90.135,"Sciurus"
"Phoca vitulina Linnaeus, 1758",34.029572,-118.68321,"Phoca"
"Canis latrans Say, 1823",32.254491,-110.999515,"Canis"
"Sciurus carolinensis Gmelin, 1788",42.365435,-71.258824,"Sciurus"
"Procyon lotor (Linnaeus, 1758)",45.44547,-75.652016,"Procyon"
"Sciurus carolinensis Gmelin, 1788",35.632567,-82.555516,"Sciurus"
"Dipodomys merriami Mearns, 1890",32.841775,-116.225733,"Dipodomys"
"Macaca fuscata (Blyth, 1875)",35.011335,135.676687,"Macaca"
"Diprotodontia",-33.8,151.1,"Diprotodontia"
"Diprotodontia",-28.6,153.5,"Diprotodontia"
"Diprotodontia",-28.5,153.5,"Diprotodontia"
"Pseudocheirus peregrinus (Boddaert, 1785)",-33.8,151.2,"Pseudocheirus"
"Wallabia bicolor (Desmarest, 1804)",-37.642034,145.576487,"Wallabia"
"Trichosurus vulpecula (Kerr, 1792)",-38.482284,145.281744,"Trichosurus"
"Notamacropus Dawson & Flannery, 1985",-28.93703,152.609779,"Notamacropus"
"Phoca vitulina Linnaeus, 1758",48.426957,-123.301324,"Phoca"
"Castor canadensis Kuhl, 1820",NA,NA,"Castor"
"Dasypus novemcinctus Linnaeus, 1758",30.284242,-95.6551,"Dasypus"
"Macropus fuliginosus (Desmarest, 1817)",-32.703975,116.68975,"Macropus"
"Lynx rufus (Schreber, 1777)",NA,NA,"Lynx"
"Myocastor coypus (Molina, 1782)",32.829116,-96.714706,"Myocastor"
"Procyon lotor (Linnaeus, 1758)",45.512796,-75.346805,"Procyon"
"Sciurus carolinensis Gmelin, 1788",34.161919,-80.896326,"Sciurus"
"Lutra lutra (Linnaeus, 1758)",69.98896,23.28312,"Lutra"
"Panthera leo leo",12.486123,2.46143,"Panthera"
"Equus grevyi Oustalet, 1882",0.221976,36.889417,"Equus"
"Myocastor coypus (Molina, 1782)",45.487881,8.650585,"Myocastor"
"Oryx gazella (Linnaeus, 1758)",-19.004936,16.372719,"Oryx"
"Chaetodipus penicillatus (Woodhouse, 1852)",33.08056,-116.359305,"Chaetodipus"
"Phoca vitulina Linnaeus, 1758",39.763426,-74.101097,"Phoca"
"Procyon lotor (Linnaeus, 1758)",29.160562,-98.129858,"Procyon"
"Sciurus carolinensis Gmelin, 1788",42.327972,-72.54305,"Sciurus"
"Sciurus carolinensis Gmelin, 1788",42.327972,-72.54305,"Sciurus"
"Odocoileus virginianus (Zimmermann, 1780)",NA,NA,"Odocoileus"
"Indri indri (Gmelin, 1788)",-18.997748,48.56059,"Indri"
"Cebus capucinus (Linnaeus, 1758)",9.122118,-79.775642,"Cebus"
"Sciurus carolinensis Gmelin, 1788",33.384129,-86.871266,"Sciurus"
"Lontra Gray, 1843",29.31,-82.43,"Lontra"
"Otospermophilus beecheyi (Richardson, 1829)",37.408366,-122.165517,"Otospermophilus"
"Odocoileus virginianus (Zimmermann, 1780)",42.406103,-85.38096,"Odocoileus"
"Lepus californicus Gray, 1837",33.186803,-116.318848,"Lepus"
"Erethizon dorsatus (Linnaeus, 1758)",44.439155,-77.303025,"Erethizon"
"Odocoileus virginianus (Zimmermann, 1780)",30.08413,-95.69493,"Odocoileus"
"Sus scrofa domesticus Erxleben, 1777",30.635546,-95.514221,"Sus"
"Crocuta crocuta (Erxleben, 1777)",-24.142317,31.684584,"Crocuta"
"Sciurus niger Linnaeus, 1758",42.457495,-83.995709,"Sciurus"
"Canis latrans Say, 1823",34.524673,-114.39093,"Canis"
"Metachirus nudicaudatus (É.Geoffroy Saint-Hilaire, 1803)",6.805806,-74.213444,"Metachirus"
"Dasyprocta punctata Gray, 1842",6.803944,-74.212917,"Dasyprocta"
"Procyon lotor (Linnaeus, 1758)",35.608943,-82.4907,"Procyon"
"Dasyprocta punctata Gray, 1842",NA,NA,"Dasyprocta"
"Arctocephalus forsteri (Lesson, 1828)",-45.769215,170.699764,"Arctocephalus"
"Piliocolobus badius (Kerr, 1792)",7.562191,-10.836731,"Piliocolobus"
"Pecari tajacu (Linnaeus, 1758)",6.805806,-74.213444,"Pecari"
"Trichosurus cunninghami Lindenmayer, Dubach & Viggers, 2002",-36.623296,149.382563,"Trichosurus"
"Antechinus stuartii MacLeay, 1841",-30.554205,152.195281,"Antechinus"
"Petaurus australis Shaw & Nodder, 1791",-37.356592,149.715194,"Petaurus"
"Nyctimene robinsoni Thomas, 1904",-28.627333,153.391365,"Nyctimene"
"Trichosurus caninus (Ogilby, 1835)",-28.389332,153.323273,"Trichosurus"
"Austronomus Troughton, 1941",-32.73689,151.574339,"Austronomus"
"Trichosurus vulpecula (Kerr, 1792)",-32.424908,150.876556,"Trichosurus"
"Chalinolobus morio (Gray, 1841)",-31.394775,151.878049,"Chalinolobus"
"Petauroides volans (Kerr, 1792)",-35.602808,149.522082,"Petauroides"
"Petaurus breviceps breviceps",-35.297682,150.39226,"Petaurus"
"Wallabia bicolor (Desmarest, 1804)",-36.000661,148.43655,"Wallabia"
"Canis lupus Linnaeus, 1758",-32.42205,150.87895,"Canis"
"Trichosurus vulpecula (Kerr, 1792)",-31.344805,152.807666,"Trichosurus"
"Oryctolagus cuniculus (Linnaeus, 1758)",-35.991758,148.459385,"Oryctolagus"
"Phascolarctos cinereus (Goldfuss, 1817)",-30.207279,152.741364,"Phascolarctos"
"Pteropus poliocephalus Temminck, 1825",-30.704059,152.718475,"Pteropus"
"Phascolarctos cinereus (Goldfuss, 1817)",-28.993147,153.436756,"Phascolarctos"
"Macropus rufogriseus (Desmarest, 1817)",-32.387608,150.888962,"Macropus"
"Petaurus australis Shaw & Nodder, 1791",-37.321598,149.72551,"Petaurus"
"Rattus rattus (Linnaeus, 1758)",-33.882305,150.952545,"Rattus"
"Petauroides volans (Kerr, 1792)",-35.60228,149.520145,"Petauroides"
"Wallabia bicolor (Desmarest, 1804)",-34.304277,150.926436,"Wallabia"
"Notamacropus Dawson & Flannery, 1985",-29.072261,153.033042,"Notamacropus"
"Phascolarctos cinereus (Goldfuss, 1817)",-32.701513,152.064448,"Phascolarctos"
"Rhinolophus megaphyllus megaphyllus",-33.693135,150.875247,"Rhinolophus"
"Antechinus flavipes (Waterhouse, 1838)",-29.074833,153.033864,"Antechinus"
"Vombatus ursinus (Shaw, 1800)",-36.581456,149.385342,"Vombatus"
"Macropus giganteus Shaw & Nodder, 1790",-36.599425,149.361953,"Macropus"
"Macropus giganteus Shaw & Nodder, 1790",-36.601536,149.363683,"Macropus"
"Vombatus ursinus (Shaw, 1800)",-33.416198,150.26037,"Vombatus"
"Vombatus ursinus (Shaw, 1800)",-36.582716,149.385459,"Vombatus"
"Sciurus niger Linnaeus, 1758",29.823714,-95.623457,"Sciurus"
"Pipistrellus pipistrellus (Schreber, 1774)",51.727347,5.583385,"Pipistrellus"
"Pipistrellus pipistrellus (Schreber, 1774)",51.727055,5.584994,"Pipistrellus"
"Castor fiber Linnaeus, 1758",56.491992,38.413096,"Castor"
"Cervus nippon Temminck, 1838",57.07086,-4.16976,"Cervus"
"Eptesicus serotinus (Schreber, 1774)",52.15233,1.40448,"Eptesicus"
"Sus scrofa Linnaeus, 1758",47.25157,4.7851,"Sus"
"Tamiasciurus hudsonicus (Erxleben, 1777)",44.655108,-63.764642,"Tamiasciurus"
"Tamiasciurus hudsonicus (Erxleben, 1777)",44.655266,-63.731808,"Tamiasciurus"
"Sciurus carolinensis Gmelin, 1788",35.767671,-78.696172,"Sciurus"
"Erinaceus europaeus Linnaeus, 1758",53.26157,-3.57559,"Erinaceus"
"Plecotus Geoffroy Saint-Hilaire, 1818",54.3813,-1.9303,"Plecotus"
"Vulpes vulpes (Linnaeus, 1758)",51.55745,-3.22748,"Vulpes"
"Sciurus carolinensis Gmelin, 1788",55.96191,-4.65286,"Sciurus"
"Sciurus carolinensis Gmelin, 1788",57.13895,-2.15943,"Sciurus"
"Talpa europaea Linnaeus, 1758",53.765,-1.4631,"Talpa"
"Lutra lutra (Linnaeus, 1758)",NA,NA,"Lutra"
"Mustela nivalis Linnaeus, 1766",53.7841,-0.6642,"Mustela"
"Sciurus vulgaris Linnaeus, 1758",56.4272,-2.8747,"Sciurus"
"Talpa europaea Linnaeus, 1758",54.36943,-3.32839,"Talpa"
"Apodemus sylvaticus (Linnaeus, 1758)",52.97782,-2.39983,"Apodemus"
"Sciurus carolinensis Gmelin, 1788",51.343393,0.476406,"Sciurus"
"Meles meles (Linnaeus, 1758)",52.68,-3.1,"Meles"
"Dama dama (Linnaeus, 1758)",52.01749,0.47153,"Dama"
"Vulpes vulpes (Linnaeus, 1758)",53.3726,-0.8456,"Vulpes"
"Procyon lotor (Linnaeus, 1758)",28.82711,-103.63003,"Procyon"
"Meles meles (Linnaeus, 1758)",49.68,6.19,"Meles"
"Capreolus capreolus (Linnaeus, 1758)",53.3,6.15,"Capreolus"
"Sciurus vulgaris Linnaeus, 1758",53.1,6.55,"Sciurus"
"Capreolus capreolus (Linnaeus, 1758)",53,6.85,"Capreolus"
"Lepus europaeus Pallas, 1778",52.6,4.9,"Lepus"
"Castor fiber Linnaeus, 1758",51.7,4.65,"Castor"
"Sciurus vulgaris Linnaeus, 1758",52.05,4.3,"Sciurus"
"Oryctolagus cuniculus (Linnaeus, 1758)",50.75,5.95,"Oryctolagus"
"Capreolus capreolus (Linnaeus, 1758)",50.75,5.95,"Capreolus"
"Phoca vitulina Linnaeus, 1758",52.2,4.4,"Phoca"
"Capreolus capreolus (Linnaeus, 1758)",51.25,3.8,"Capreolus"
"Phocoena phocoena (Linnaeus, 1758)",51.4,3.55,"Phocoena"
"Capreolus capreolus (Linnaeus, 1758)",53.1,6.2,"Capreolus"
"Capreolus capreolus (Linnaeus, 1758)",51.85,5.2,"Capreolus"
"Sciurus vulgaris Linnaeus, 1758",53.15,6.55,"Sciurus"
"Halichoerus grypus (Fabricius, 1791)",52.45,4.5,"Halichoerus"
"Sciurus vulgaris Linnaeus, 1758",53.2,6.5,"Sciurus"
"Felis catus Linnaeus, 1758",52.95,4.7,"Felis"
"Phoca vitulina Linnaeus, 1758",52.45,4.55,"Phoca"
"Castor fiber Linnaeus, 1758",51.8,4.5,"Castor"
"Oryctolagus cuniculus (Linnaeus, 1758)",51.95,5.95,"Oryctolagus"
"Capreolus capreolus (Linnaeus, 1758)",53.05,7.15,"Capreolus"
"Bos taurus Linnaeus, 1758",52.4,5.25,"Bos"
"Vulpes vulpes (Linnaeus, 1758)",52.4,5.4,"Vulpes"
"Oryctolagus cuniculus (Linnaeus, 1758)",51.55,4.55,"Oryctolagus"
"Capreolus capreolus (Linnaeus, 1758)",53,6.75,"Capreolus"
"Felis catus Linnaeus, 1758",53,4.75,"Felis"
"Lepus europaeus Pallas, 1778",52,4.45,"Lepus"
"Meles meles (Linnaeus, 1758)",51.75,5.75,"Meles"
"Oryctolagus cuniculus (Linnaeus, 1758)",51.85,4.25,"Oryctolagus"
"Capreolus capreolus (Linnaeus, 1758)",53.2,6.65,"Capreolus"
"Capreolus capreolus (Linnaeus, 1758)",52.35,5.3,"Capreolus"
"Mustela putorius Linnaeus, 1758",51.8,5.9,"Mustela"
"Oryctolagus cuniculus (Linnaeus, 1758)",51.85,4.2,"Oryctolagus"
"Oryctolagus cuniculus (Linnaeus, 1758)",51.9,4,"Oryctolagus"
"Oryctolagus cuniculus (Linnaeus, 1758)",51.9,4.15,"Oryctolagus"
"Oryctolagus cuniculus (Linnaeus, 1758)",51.9,4.1,"Oryctolagus"
"Halichoerus grypus (Fabricius, 1791)",53.2,4.8,"Halichoerus"
"Lepus europaeus Pallas, 1778",53.2,7.15,"Lepus"
"Vulpes vulpes (Linnaeus, 1758)",52.3,4.55,"Vulpes"
"Vulpes vulpes (Linnaeus, 1758)",50.8,5.85,"Vulpes"
"Lepus europaeus Pallas, 1778",52.55,5,"Lepus"
"Rattus norvegicus (Berkenhout, 1769)",51.7,4.4,"Rattus"
"Sus scrofa Linnaeus, 1758",51.15,6.1,"Sus"
"Equus caballus Linnaeus, 1758",52.4,5.35,"Equus"
"Lepus europaeus Pallas, 1778",51.9,4.65,"Lepus"
"Vulpes vulpes (Linnaeus, 1758)",52.35,5.15,"Vulpes"
"Rattus norvegicus (Berkenhout, 1769)",52.5,6.05,"Rattus"
"Capreolus capreolus (Linnaeus, 1758)",52.45,5.4,"Capreolus"
"Capreolus capreolus (Linnaeus, 1758)",51.4,5.25,"Capreolus"
"Felis catus Linnaeus, 1758",53.4,5.4,"Felis"
"Capreolus capreolus (Linnaeus, 1758)",51.95,6,"Capreolus"
"Capreolus capreolus (Linnaeus, 1758)",52.15,4.35,"Capreolus"
"Lepus europaeus Pallas, 1778",52.15,5.6,"Lepus"
"Capreolus capreolus (Linnaeus, 1758)",51.7,4.75,"Capreolus"
"Phoca vitulina Linnaeus, 1758",51.7,3.8,"Phoca"
"Lepus europaeus Pallas, 1778",52,6.7,"Lepus"
"Oryctolagus cuniculus (Linnaeus, 1758)",51.9,4.25,"Oryctolagus"
"Capreolus capreolus (Linnaeus, 1758)",51.6,5.45,"Capreolus"
"Capreolus capreolus (Linnaeus, 1758)",52.95,6,"Capreolus"
"Talpa europaea Linnaeus, 1758",53.35,6.45,"Talpa"
"Vulpes vulpes (Linnaeus, 1758)",51.25,3.95,"Vulpes"
"Talpa europaea Linnaeus, 1758",51.7,4.7,"Talpa"
"Sus scrofa Linnaeus, 1758",51.15,6.1,"Sus"
"Capreolus capreolus (Linnaeus, 1758)",52.35,5.3,"Capreolus"
"Lepus europaeus Pallas, 1778",51.7,5.75,"Lepus"
"Lepus europaeus Pallas, 1778",51.6,4.6,"Lepus"
"Phoca vitulina Linnaeus, 1758",51.35,4,"Phoca"
"Capreolus capreolus (Linnaeus, 1758)",51.45,3.5,"Capreolus"
"Lutra lutra (Linnaeus, 1758)",52.4,5.55,"Lutra"
"Capreolus capreolus (Linnaeus, 1758)",51.65,4.85,"Capreolus"
"Capreolus capreolus (Linnaeus, 1758)",51.65,5.2,"Capreolus"
"Capreolus capreolus (Linnaeus, 1758)",51.7,5.75,"Capreolus"
"Lepus europaeus Pallas, 1778",52.2,6.6,"Lepus"
"Phoca vitulina Linnaeus, 1758",52.45,4.5,"Phoca"
"Capreolus capreolus (Linnaeus, 1758)",51.25,3.95,"Capreolus"
"Vulpes vulpes (Linnaeus, 1758)",52.45,4.55,"Vulpes"
"Lepus europaeus Pallas, 1778",53.05,4.75,"Lepus"
"Capreolus capreolus (Linnaeus, 1758)",51.8,4,"Capreolus"
"Lepus europaeus Pallas, 1778",52.35,4.7,"Lepus"
"Lutra lutra (Linnaeus, 1758)",51.8,5.95,"Lutra"
"Phoca vitulina Linnaeus, 1758",52.45,4.5,"Phoca"
"Oryctolagus cuniculus (Linnaeus, 1758)",51.85,4.2,"Oryctolagus"
"Halichoerus grypus (Fabricius, 1791)",51.7,3.8,"Halichoerus"
"Mus musculus Linnaeus, 1758",51.55,5.05,"Mus"
"Oryctolagus cuniculus (Linnaeus, 1758)",52.4,4.55,"Oryctolagus"
"Lepus europaeus Pallas, 1778",51.75,5.35,"Lepus"
"Capreolus capreolus (Linnaeus, 1758)",51.55,5.95,"Capreolus"
"Phoca vitulina Linnaeus, 1758",51.4,3.55,"Phoca"
"Oryctolagus cuniculus (Linnaeus, 1758)",52.2,6.95,"Oryctolagus"
"Capreolus capreolus (Linnaeus, 1758)",52.8,6.4,"Capreolus"
"Felis catus Linnaeus, 1758",51.8,5.9,"Felis"
"Myodes glareolus (Schreber, 1780)",51.8,4.4,"Myodes"
"Oryctolagus cuniculus (Linnaeus, 1758)",51.6,3.7,"Oryctolagus"
"Capreolus capreolus (Linnaeus, 1758)",51.7,4.35,"Capreolus"
"Lutra lutra (Linnaeus, 1758)",53.2,5.85,"Lutra"
"Talpa europaea Linnaeus, 1758",53.2,6.15,"Talpa"
"Cervus elaphus Linnaeus, 1758",52.45,5.4,"Cervus"
"Vulpes vulpes (Linnaeus, 1758)",51.95,5.85,"Vulpes"
"Lepus europaeus Pallas, 1778",51.9,4.7,"Lepus"
"Ovis orientalis musimon",52.05,5.85,"Ovis"
"Lepus europaeus Pallas, 1778",52.6,5,"Lepus"
"Phoca vitulina Linnaeus, 1758",52.45,4.5,"Phoca"
"Halichoerus grypus (Fabricius, 1791)",53.3,5.15,"Halichoerus"
"Lepus europaeus Pallas, 1778",52.6,6.05,"Lepus"
"Vulpes vulpes (Linnaeus, 1758)",51.3,4.15,"Vulpes"
"Capreolus capreolus (Linnaeus, 1758)",51.75,4.8,"Capreolus"
"Capreolus capreolus (Linnaeus, 1758)",52.1,5.35,"Capreolus"
"Talpa europaea Linnaeus, 1758",51.9,6.45,"Talpa"
"Capreolus capreolus (Linnaeus, 1758)",53.2,7.15,"Capreolus"
"Crocidura russula (Hermann, 1780)",52.85,6.35,"Crocidura"
"Lepus europaeus Pallas, 1778",52.1,6.3,"Lepus"
"Capreolus capreolus (Linnaeus, 1758)",52.4,5.35,"Capreolus"
"Sciurus vulgaris Linnaeus, 1758",51.5,4.6,"Sciurus"
"Capreolus capreolus (Linnaeus, 1758)",51.75,4.75,"Capreolus"
"Dama dama (Linnaeus, 1758)",52.3,4.55,"Dama"
"Capreolus capreolus (Linnaeus, 1758)",55.34952,11.83241,"Capreolus"
"Sciurus vulgaris Linnaeus, 1758",55.51531,9.6854,"Sciurus"
"Sciurus vulgaris Linnaeus, 1758",55.7743,12.35274,"Sciurus"
"Capreolus capreolus (Linnaeus, 1758)",55.87815,9.87592,"Capreolus"
"Dama dama (Linnaeus, 1758)",55.51064,9.5822,"Dama"
"Cervus elaphus Linnaeus, 1758",54.82155,9.25371,"Cervus"
"Phoca vitulina Linnaeus, 1758",56.27899,10.82636,"Phoca"
"Capreolus capreolus (Linnaeus, 1758)",55.20388,11.36905,"Capreolus"
"Felis catus Linnaeus, 1758",56.15393,10.16087,"Felis"
"Sciurus vulgaris Linnaeus, 1758",55.80813,12.56612,"Sciurus"
"Sciurus vulgaris Linnaeus, 1758",55.4396,12.198,"Sciurus"
"Lepus capensis Linnaeus, 1758",55.92116,8.38926,"Lepus"
"Capreolus capreolus (Linnaeus, 1758)",55.88665,11.96928,"Capreolus"
"Capreolus capreolus (Linnaeus, 1758)",55.98947,12.51341,"Capreolus"
"Sciurus vulgaris Linnaeus, 1758",55.44196,11.55816,"Sciurus"
"Sciurus vulgaris Linnaeus, 1758",55.72621,12.56648,"Sciurus"
"Dama dama (Linnaeus, 1758)",54.79254,11.24908,"Dama"
"Capreolus capreolus (Linnaeus, 1758)",55.46404,11.86319,"Capreolus"
"Dama dama (Linnaeus, 1758)",54.8611,10.73081,"Dama"
"Capreolus capreolus (Linnaeus, 1758)",55.19607,10.44585,"Capreolus"
"Lynx lynx (Linnaeus, 1758)",59.611919,8.975107,"Lynx"
"Lynx lynx (Linnaeus, 1758)",69.597595,19.968721,"Lynx"
"Gulo gulo (Linnaeus, 1758)",62.148358,7.447832,"Gulo"
"Lynx lynx (Linnaeus, 1758)",64.846356,13.034252,"Lynx"
"Lynx lynx (Linnaeus, 1758)",60.919947,9.354537,"Lynx"
"Lynx lynx (Linnaeus, 1758)",62.82368,9.896196,"Lynx"
"Tragelaphus scriptus (Pallas, 1766)",12.524519,2.718088,"Tragelaphus"
"Civettictis civetta (Schreber, 1776)",12.41795,2.75126,"Civettictis"
"Sciurus vulgaris Linnaeus, 1758",63.5629,11.946282,"Sciurus"
"Sciurus vulgaris Linnaeus, 1758",58.374602,8.653591,"Sciurus"
"Sciurus vulgaris Linnaeus, 1758",59.542055,10.250253,"Sciurus"
"Alces alces (Linnaeus, 1758)",60.644108,10.378296,"Alces"
"Sciurus vulgaris Linnaeus, 1758",63.205236,10.250606,"Sciurus"
"Felis catus Linnaeus, 1758",63.077344,7.653826,"Felis"
"Sciurus vulgaris Linnaeus, 1758",59.012586,11.530619,"Sciurus"
"Sciurus vulgaris Linnaeus, 1758",67.917257,15.186228,"Sciurus"
"Vulpes vulpes (Linnaeus, 1758)",61.31539,7.201075,"Vulpes"
"Sciurus vulgaris Linnaeus, 1758",63.41406,11.742977,"Sciurus"
"Sciurus vulgaris Linnaeus, 1758",59.871325,10.500662,"Sciurus"
"Apodemus sylvaticus (Linnaeus, 1758)",60.135065,11.398149,"Apodemus"
"Sciurus vulgaris Linnaeus, 1758",60.184259,12.171605,"Sciurus"
"Vulpes vulpes (Linnaeus, 1758)",68.407124,17.413959,"Vulpes"
"Sciurus vulgaris Linnaeus, 1758",59.758919,10.028399,"Sciurus"
"Sciurus vulgaris Linnaeus, 1758",60.135873,11.204261,"Sciurus"
"Felis catus Linnaeus, 1758",63.136444,8.523542,"Felis"
"Alces alces (Linnaeus, 1758)",68.616007,14.475751,"Alces"
"Sciurus vulgaris Linnaeus, 1758",59.611371,8.514073,"Sciurus"
"Capreolus capreolus (Linnaeus, 1758)",62.747918,7.189472,"Capreolus"
"Sciurus vulgaris Linnaeus, 1758",59.951736,6.593979,"Sciurus"
"Felis catus Linnaeus, 1758",59.268795,10.764762,"Felis"
"Sciurus vulgaris Linnaeus, 1758",62.212454,9.765471,"Sciurus"
"Sciurus vulgaris Linnaeus, 1758",60.194814,9.243472,"Sciurus"
"Alces alces (Linnaeus, 1758)",63.537828,10.088635,"Alces"
"Sciurus vulgaris Linnaeus, 1758",61.766042,5.257142,"Sciurus"
"Capreolus capreolus (Linnaeus, 1758)",63.394683,11.800985,"Capreolus"
"Sciurus vulgaris Linnaeus, 1758",62.590947,9.699492,"Sciurus"
"Sciurus vulgaris Linnaeus, 1758",63.353206,10.250666,"Sciurus"
"Sciurus vulgaris Linnaeus, 1758",66.310541,14.265142,"Sciurus"
"Sciurus vulgaris Linnaeus, 1758",59.668964,9.669869,"Sciurus"
"Sciurus vulgaris Linnaeus, 1758",58.465515,8.825116,"Sciurus"
"Sciurus vulgaris Linnaeus, 1758",59.930236,11.348573,"Sciurus"
"Capreolus capreolus (Linnaeus, 1758)",59.682734,10.509001,"Capreolus"
"Sciurus vulgaris Linnaeus, 1758",58.634944,6.561936,"Sciurus"
"Alces alces (Linnaeus, 1758)",67.27229,14.730553,"Alces"
"Sciurus vulgaris Linnaeus, 1758",60.866716,11.586249,"Sciurus"
"Sciurus vulgaris Linnaeus, 1758",61.679379,6.816335,"Sciurus"
"Sciurus vulgaris Linnaeus, 1758",59.245081,9.587399,"Sciurus"
"Sciurus vulgaris Linnaeus, 1758",59.421874,9.055901,"Sciurus"
"Felis catus Linnaeus, 1758",58.72883,5.65289,"Felis"
"Capreolus capreolus (Linnaeus, 1758)",59.297148,9.107229,"Capreolus"
"Capreolus capreolus (Linnaeus, 1758)",59.788961,10.482482,"Capreolus"
"Sciurus vulgaris Linnaeus, 1758",65.97548,13.833122,"Sciurus"
"Sciurus vulgaris Linnaeus, 1758",58.242138,7.363943,"Sciurus"
"Sciurus vulgaris Linnaeus, 1758",66.027507,13.849007,"Sciurus"
"Sciurus vulgaris Linnaeus, 1758",61.268208,10.152661,"Sciurus"
"Capreolus capreolus (Linnaeus, 1758)",60.178021,10.232236,"Capreolus"
"Myodes rutilus (Pallas, 1779)",69.240104,19.458768,"Myodes"
"Sciurus vulgaris Linnaeus, 1758",61.238513,7.700276,"Sciurus"
"Felis catus Linnaeus, 1758",63.51153,10.021389,"Felis"
"Sciurus vulgaris Linnaeus, 1758",59.086387,10.294432,"Sciurus"
"Felis catus Linnaeus, 1758",59.502991,11.376091,"Felis"
"Sciurus vulgaris Linnaeus, 1758",60.160173,12.032091,"Sciurus"
"Sciurus vulgaris Linnaeus, 1758",60.229599,12.086295,"Sciurus"
"Apodemus sylvaticus (Linnaeus, 1758)",62.251293,5.837731,"Apodemus"
"Sciurus vulgaris Linnaeus, 1758",60.995839,10.430549,"Sciurus"
"Sciurus vulgaris Linnaeus, 1758",63.228922,9.416368,"Sciurus"
"Capreolus capreolus (Linnaeus, 1758)",59.938408,10.991773,"Capreolus"
"Sciurus vulgaris Linnaeus, 1758",59.83368,10.861852,"Sciurus"
"Sciurus vulgaris Linnaeus, 1758",59.111966,9.666773,"Sciurus"
"Sciurus vulgaris Linnaeus, 1758",60.064566,10.317215,"Sciurus"
"Capreolus capreolus (Linnaeus, 1758)",60.050118,10.894979,"Capreolus"
"Capreolus capreolus (Linnaeus, 1758)",59.772735,10.415001,"Capreolus"
"Sciurus vulgaris Linnaeus, 1758",59.842987,10.445822,"Sciurus"
"Capreolus capreolus (Linnaeus, 1758)",59.546122,10.70575,"Capreolus"
"Gulo gulo (Linnaeus, 1758)",64.242485,11.61663,"Gulo"
"Alces alces (Linnaeus, 1758)",63.255652,10.438176,"Alces"
"Lynx lynx (Linnaeus, 1758)",64.812003,13.420941,"Lynx"
"Felis catus Linnaeus, 1758",63.753195,11.577312,"Felis"
"Sciurus vulgaris Linnaeus, 1758",60.135906,11.011541,"Sciurus"
"Felis catus Linnaeus, 1758",60.210207,10.681399,"Felis"
"Sciurus vulgaris Linnaeus, 1758",62.851488,8.522517,"Sciurus"
"Canis lupus Linnaeus, 1758",61.44554,11.365989,"Canis"
"Felis catus Linnaeus, 1758",61.26101,27.835546,"Felis"
"Sciurus vulgaris Linnaeus, 1758",60.188968,25.002167,"Sciurus"
"Sciurus vulgaris Linnaeus, 1758",60.063596,24.03374,"Sciurus"
"Sciurus vulgaris Linnaeus, 1758",60.897555,28.37875,"Sciurus"
"Sciurus vulgaris Linnaeus, 1758",61.672294,23.691544,"Sciurus"
"Sciurus vulgaris Linnaeus, 1758",61.672294,23.691544,"Sciurus"
"Capreolus capreolus (Linnaeus, 1758)",60.623563,21.787491,"Capreolus"
"Canis latrans Say, 1823",44.340808,-72.461283,"Canis"
"Dama dama (Linnaeus, 1758)",51.55,3.55,"Dama"
"Procyon lotor (Linnaeus, 1758)",38.916659,-76.949,"Procyon"
"Gazella gazella (Pallas, 1766)",32.903999,35.988892,"Gazella"
"Tapirus terrestris (Linnaeus, 1758)",-0.782759,-76.21587,"Tapirus"
"Neovison vison (Schreber, 1777)",58.09079,7.829869,"Neovison"
"Neovison vison (Schreber, 1777)",59.389384,5.292856,"Neovison"
"Mirounga leonina (Linnaeus, 1758)",-52.56264,169.13621,"Mirounga"
"Tapirus pinchaque (Roulin, 1829)",3.592222,-75.932833,"Tapirus"
"Tapirus pinchaque (Roulin, 1829)",3.573611,-75.957389,"Tapirus"
"Sciurus vulgaris Linnaeus, 1758",63.249545,10.438666,"Sciurus"
"Rattus norvegicus (Berkenhout, 1769)",59.883329,10.83326,"Rattus"
"Phoca vitulina Linnaeus, 1758",59.845874,10.558933,"Phoca"
"Vulpes vulpes (Linnaeus, 1758)",63.249545,10.438666,"Vulpes"
"Phoca vitulina Linnaeus, 1758",59.870038,10.663541,"Phoca"
"Sciurus vulgaris Linnaeus, 1758",59.423564,5.306411,"Sciurus"
"Capreolus capreolus (Linnaeus, 1758)",63.345999,10.327311,"Capreolus"
"Sciurus vulgaris Linnaeus, 1758",63.311766,9.183944,"Sciurus"
"Capreolus capreolus (Linnaeus, 1758)",63.347861,10.875104,"Capreolus"
"Oryctolagus cuniculus (Linnaeus, 1758)",50.98821,5.47168,"Oryctolagus"
"Rattus norvegicus (Berkenhout, 1769)",51.09515,4.19224,"Rattus"
"Rattus norvegicus (Berkenhout, 1769)",51.09519,4.19217,"Rattus"
"Felis catus Linnaeus, 1758",50.98671,5.0138,"Felis"
"Oryctolagus cuniculus (Linnaeus, 1758)",50.9397,5.36528,"Oryctolagus"
"Oryctolagus cuniculus (Linnaeus, 1758)",51.03538,4.25582,"Oryctolagus"
"Oryctolagus cuniculus (Linnaeus, 1758)",50.91133,3.86097,"Oryctolagus"
"Oryctolagus cuniculus (Linnaeus, 1758)",50.7949,2.77169,"Oryctolagus"
"Oryctolagus cuniculus (Linnaeus, 1758)",51.18522,4.47792,"Oryctolagus"
"Macaca sylvanus (Linnaeus, 1758)",36.127255,-5.253124,"Macaca"
"Capreolus capreolus (Linnaeus, 1758)",55.57385,11.26027,"Capreolus"
"Cebus albifrons (Humboldt, 1812)",-3.147778,-59.939167,"Cebus"
"Mirounga angustirostris (Gill, 1866)",48.300379,-123.53196,"Mirounga"
"Lutra lutra (Linnaeus, 1758)",65.672557,21.161245,"Lutra"
"Rangifer tarandus tarandus",67.184544,20.778266,"Rangifer"
"Lutra lutra (Linnaeus, 1758)",60.018411,17.730875,"Lutra"
"Heliosciurus gambianus (Ogilby, 1835)",13.726045,-15.343781,"Heliosciurus"
"Capreolus capreolus (Linnaeus, 1758)",52.922512,8.616199,"Capreolus"
"Capreolus capreolus (Linnaeus, 1758)",51.399044,9.786673,"Capreolus"
"Capreolus capreolus (Linnaeus, 1758)",50.704994,6.627717,"Capreolus"
"Castor fiber Linnaeus, 1758",50.886559,12.892519,"Castor"
"Capreolus capreolus (Linnaeus, 1758)",52.002811,9.860173,"Capreolus"
"Capreolus capreolus (Linnaeus, 1758)",49.934284,8.324195,"Capreolus"
"Castor fiber Linnaeus, 1758",50.946316,6.268902,"Castor"
"Neovison vison (Schreber, 1777)",57.414882,15.116059,"Neovison"
"Martes martes (Linnaeus, 1758)",47.944466,9.757233,"Martes"
"Myocastor coypus (Molina, 1782)",50.154373,8.646584,"Myocastor"
"Oryctolagus cuniculus (Linnaeus, 1758)",50.142559,10.72948,"Oryctolagus"
"Lutra lutra (Linnaeus, 1758)",59.827476,17.664903,"Lutra"
"Sciurus vulgaris Linnaeus, 1758",52.953949,10.561718,"Sciurus"
"Sciurus vulgaris Linnaeus, 1758",51.351097,7.450167,"Sciurus"
"Sciurus vulgaris Linnaeus, 1758",47.804207,9.649008,"Sciurus"
"Sciurus vulgaris Linnaeus, 1758",50.856415,6.156889,"Sciurus"
"Sus scrofa Linnaeus, 1758",49.686134,8.977286,"Sus"
"Talpa europaea Linnaeus, 1758",50.135105,8.958492,"Talpa"
"Vulpes vulpes (Linnaeus, 1758)",52.437595,13.517647,"Vulpes"
"Vulpes vulpes (Linnaeus, 1758)",51.646931,12.391559,"Vulpes"
"Bos primigenius Bojanus, 1827",48.88435,10.360279,"Bos"
"Capreolus capreolus (Linnaeus, 1758)",53.665527,8.497027,"Capreolus"
"Oryctolagus cuniculus cuniculus",-43.631206,172.561136,"Oryctolagus"
"Lynx lynx (Linnaeus, 1758)",59.945829,8.819875,"Lynx"
"Lynx lynx (Linnaeus, 1758)",59.97635,10.315723,"Lynx"
"Canis lupus Linnaeus, 1758",59.992302,11.454009,"Canis"
"Lynx lynx (Linnaeus, 1758)",60.757312,11.711264,"Lynx"
"Ichneumia albicauda G",11.52979,1.37473,"Ichneumia"
"Alces alces americana (Clinton, 1822)",41.228164,-111.910659,"Alces"
"Lynx rufus (Schreber, 1777)",44.430656,-73.150979,"Lynx"
"Sciurus vulgaris Linnaeus, 1758",60.828386,21.560035,"Sciurus"
"Sciurus vulgaris Linnaeus, 1758",60.212302,25.016279,"Sciurus"
"Sciurus vulgaris Linnaeus, 1758",60.236041,25.161848,"Sciurus"
"Sciurus vulgaris Linnaeus, 1758",61.435035,21.840057,"Sciurus"
"Sciurus vulgaris Linnaeus, 1758",61.394002,23.346386,"Sciurus"
"Lepus europaeus Pallas, 1778",60.795191,24.701237,"Lepus"
"Lepus europaeus Pallas, 1778",61.435035,21.840057,"Lepus"
"Sciurus vulgaris Linnaeus, 1758",62.160882,27.0928,"Sciurus"
"Capreolus capreolus (Linnaeus, 1758)",60.6943,21.747303,"Capreolus"
"Capreolus capreolus (Linnaeus, 1758)",60.067657,24.462378,"Capreolus"
"Capreolus capreolus (Linnaeus, 1758)",59.905002,23.116433,"Capreolus"
"Myodes glareolus (Schreber, 1780)",60.468513,22.31904,"Myodes"
"Phocarctos hookeri (Gray, 1844)",-46.770987,168.891778,"Phocarctos"
"Capreolus capreolus (Linnaeus, 1758)",55.85945,10.15405,"Capreolus"
"Sciurus vulgaris Linnaeus, 1758",55.44205,11.55832,"Sciurus"
"Vulpes vulpes (Linnaeus, 1758)",55.86891,10.00272,"Vulpes"
"Capreolus capreolus (Linnaeus, 1758)",54.99776,8.92836,"Capreolus"
"Capreolus capreolus (Linnaeus, 1758)",54.90536,8.85259,"Capreolus"
"Vulpes vulpes (Linnaeus, 1758)",57.19422,9.81416,"Vulpes"
"Capreolus capreolus (Linnaeus, 1758)",55.22334,11.34613,"Capreolus"
"Capreolus capreolus (Linnaeus, 1758)",56.2089,10.11382,"Capreolus"
"Capreolus capreolus (Linnaeus, 1758)",55.56126,11.25636,"Capreolus"
"Capreolus capreolus (Linnaeus, 1758)",55.05956,12.01345,"Capreolus"
"Sciurus vulgaris Linnaeus, 1758",56.12721,9.98923,"Sciurus"
"Capreolus capreolus (Linnaeus, 1758)",56.12721,9.98923,"Capreolus"
"Capreolus capreolus (Linnaeus, 1758)",55.4224,12.12016,"Capreolus"
"Capreolus capreolus (Linnaeus, 1758)",55.95855,12.52823,"Capreolus"
"Phocoena phocoena (Linnaeus, 1758)",57.74457,10.64513,"Phocoena"
"Lepus capensis Linnaeus, 1758",55.95033,11.5185,"Lepus"
"Sciurus vulgaris Linnaeus, 1758",56.01304,12.33184,"Sciurus"
"Capreolus capreolus (Linnaeus, 1758)",55.75629,12.00109,"Capreolus"
"Capreolus capreolus (Linnaeus, 1758)",55.31285,11.82879,"Capreolus"
"Phocoena phocoena (Linnaeus, 1758)",52.2,4.4,"Phocoena"
"Apodemus sylvaticus (Linnaeus, 1758)",50.8,5.65,"Apodemus"
"Capreolus capreolus (Linnaeus, 1758)",51.8,4.7,"Capreolus"
"Lutra lutra (Linnaeus, 1758)",52.8,5.9,"Lutra"
"Capreolus capreolus (Linnaeus, 1758)",51.65,3.75,"Capreolus"
"Capreolus capreolus (Linnaeus, 1758)",52.15,6.85,"Capreolus"
"Dama dama (Linnaeus, 1758)",51.7,3.65,"Dama"
"Vulpes vulpes (Linnaeus, 1758)",52.35,4.55,"Vulpes"
"Capreolus capreolus (Linnaeus, 1758)",52,5.3,"Capreolus"
"Oryctolagus cuniculus (Linnaeus, 1758)",52.65,4.6,"Oryctolagus"
"Halichoerus grypus (Fabricius, 1791)",51.6,3.7,"Halichoerus"
"Capreolus capreolus (Linnaeus, 1758)",52.3,4.55,"Capreolus"
"Capreolus capreolus (Linnaeus, 1758)",51.95,5.6,"Capreolus"
"Lutra lutra (Linnaeus, 1758)",52.5,6.15,"Lutra"
"Capreolus capreolus (Linnaeus, 1758)",52.05,5.55,"Capreolus"
"Lepus europaeus Pallas, 1778",51.9,4.6,"Lepus"
"Capreolus capreolus (Linnaeus, 1758)",53.35,6.85,"Capreolus"
"Lepus europaeus Pallas, 1778",52,4.25,"Lepus"
"Meles meles (Linnaeus, 1758)",50.75,5.75,"Meles"
"Lepus europaeus Pallas, 1778",51.5,3.65,"Lepus"
"Capreolus capreolus (Linnaeus, 1758)",53,6.8,"Capreolus"
"Sciurus vulgaris Linnaeus, 1758",52.25,6.15,"Sciurus"
"Phoca vitulina Linnaeus, 1758",52.45,4.5,"Phoca"
"Lepus europaeus Pallas, 1778",52.15,5.2,"Lepus"
"Dama dama (Linnaeus, 1758)",52.4,4.6,"Dama"
"Talpa europaea Linnaeus, 1758",51.9,4.7,"Talpa"
"Capreolus capreolus (Linnaeus, 1758)",51.85,5.2,"Capreolus"
"Oryctolagus cuniculus (Linnaeus, 1758)",51.9,4,"Oryctolagus"
"Lepus europaeus Pallas, 1778",52.7,4.8,"Lepus"
"Plecotus auritus (Linnaeus, 1758)",52.55,4.65,"Plecotus"
"Vulpes vulpes (Linnaeus, 1758)",51.25,5.85,"Vulpes"
"Sciurus vulgaris Linnaeus, 1758",52.35,4.55,"Sciurus"
"Capreolus capreolus (Linnaeus, 1758)",52.3,5.3,"Capreolus"
"Capreolus capreolus (Linnaeus, 1758)",51.45,5.9,"Capreolus"
"Phocoena phocoena (Linnaeus, 1758)",52.45,4.5,"Phocoena"
"Lepus europaeus Pallas, 1778",52.55,4.65,"Lepus"
"Phoca vitulina Linnaeus, 1758",52.95,4.75,"Phoca"
"Talpa europaea Linnaeus, 1758",52.2,6.25,"Talpa"
"Halichoerus grypus (Fabricius, 1791)",51.75,3.85,"Halichoerus"
"Microtus arvalis (Pallas, 1779)",51.95,5.2,"Microtus"
"Lepus europaeus Pallas, 1778",51.9,4.9,"Lepus"
"Talpa europaea Linnaeus, 1758",52.65,6.6,"Talpa"
"Capreolus capreolus (Linnaeus, 1758)",53,6.75,"Capreolus"
"Lepus europaeus Pallas, 1778",51.8,4.4,"Lepus"
"Capreolus capreolus (Linnaeus, 1758)",53.2,5.8,"Capreolus"
"Capreolus capreolus (Linnaeus, 1758)",51.25,3.85,"Capreolus"
"Capreolus capreolus (Linnaeus, 1758)",53.05,6.7,"Capreolus"
"Castor fiber Linnaeus, 1758",51.8,4.45,"Castor"
"Capreolus capreolus (Linnaeus, 1758)",51.4,4.35,"Capreolus"
"Lepus europaeus Pallas, 1778",52.35,4.7,"Lepus"
"Capreolus capreolus (Linnaeus, 1758)",51.3,3.85,"Capreolus"
"Capreolus capreolus (Linnaeus, 1758)",51.8,4.9,"Capreolus"
"Vulpes vulpes (Linnaeus, 1758)",52.4,5.75,"Vulpes"
"Lutra lutra (Linnaeus, 1758)",51.8,5.9,"Lutra"
"Cervus elaphus Linnaeus, 1758",52.45,5.4,"Cervus"
"Lepus europaeus Pallas, 1778",53.4,6.5,"Lepus"
"Capreolus capreolus (Linnaeus, 1758)",51.75,4.25,"Capreolus"
"Capreolus capreolus (Linnaeus, 1758)",52,5.7,"Capreolus"
"Oryctolagus cuniculus (Linnaeus, 1758)",51.8,5.7,"Oryctolagus"
"Lepus europaeus Pallas, 1778",52.15,5.35,"Lepus"
"Sciurus vulgaris Linnaeus, 1758",52,5.3,"Sciurus"
"Capreolus capreolus (Linnaeus, 1758)",51.75,5.75,"Capreolus"
"Phoca vitulina Linnaeus, 1758",52.45,4.5,"Phoca"
"Sus scrofa Linnaeus, 1758",52.15,5.7,"Sus"
"Phoca vitulina Linnaeus, 1758",52.45,4.5,"Phoca"
"Lepus europaeus Pallas, 1778",53.25,6.8,"Lepus"
"Capreolus capreolus (Linnaeus, 1758)",51.6,4.85,"Capreolus"
"Oryctolagus cuniculus (Linnaeus, 1758)",52.3,4.8,"Oryctolagus"
"Halichoerus grypus (Fabricius, 1791)",52.45,4.55,"Halichoerus"
"Capreolus capreolus (Linnaeus, 1758)",53.1,6.45,"Capreolus"
"Talpa europaea Linnaeus, 1758",52.8,7,"Talpa"
"Neomys fodiens (Pennant, 1771)",53.15,6.45,"Neomys"
"Capreolus capreolus (Linnaeus, 1758)",51.9,5.2,"Capreolus"
"Lepus europaeus Pallas, 1778",51.95,5.6,"Lepus"
"Capreolus capreolus (Linnaeus, 1758)",53.15,6.45,"Capreolus"
"Capreolus capreolus (Linnaeus, 1758)",51.75,4,"Capreolus"
"Oryctolagus cuniculus (Linnaeus, 1758)",52.3,4.9,"Oryctolagus"
"Phoca vitulina Linnaeus, 1758",51.75,3.85,"Phoca"
"Sus scrofa Linnaeus, 1758",51.35,5.8,"Sus"
"Capreolus capreolus (Linnaeus, 1758)",51.6,6.05,"Capreolus"
"Lepus europaeus Pallas, 1778",51.8,5.6,"Lepus"
"Capreolus capreolus (Linnaeus, 1758)",51.65,3.7,"Capreolus"
"Capreolus capreolus (Linnaeus, 1758)",51.55,5.3,"Capreolus"
"Capreolus capreolus (Linnaeus, 1758)",52.2,6.95,"Capreolus"
"Halichoerus grypus (Fabricius, 1791)",51.7,3.8,"Halichoerus"
"Phoca vitulina Linnaeus, 1758",51.7,3.8,"Phoca"
"Lepus europaeus Pallas, 1778",51.8,4.4,"Lepus"
"Lepus europaeus Pallas, 1778",51.8,4.4,"Lepus"
"Halichoerus grypus (Fabricius, 1791)",53.35,5.2,"Halichoerus"
"Lepus europaeus Pallas, 1778",51.65,5,"Lepus"
"Lepus europaeus Pallas, 1778",51.75,4.7,"Lepus"
"Myodes glareolus (Schreber, 1780)",53.4,5.3,"Myodes"
"Meles meles (Linnaeus, 1758)",50.8,5.9,"Meles"
"Castor fiber Linnaeus, 1758",51.15,5.85,"Castor"
"Capreolus capreolus (Linnaeus, 1758)",51.25,5.8,"Capreolus"
"Talpa europaea Linnaeus, 1758",52.2,6.7,"Talpa"
"Talpa europaea Linnaeus, 1758",51.9,6.45,"Talpa"
"Dama dama (Linnaeus, 1758)",51.7,4.5,"Dama"
"Erinaceus europaeus Linnaeus, 1758",51.85,4.6,"Erinaceus"
"Castor fiber Linnaeus, 1758",51.35,6.1,"Castor"
"Lepus europaeus Pallas, 1778",52.25,4.95,"Lepus"
"Talpa europaea Linnaeus, 1758",52.2,6.75,"Talpa"
"Myodes glareolus (Schreber, 1780)",51.8,4.4,"Myodes"
"Myodes glareolus (Schreber, 1780)",51.8,4.4,"Myodes"
"Sciurus vulgaris Linnaeus, 1758",52.05,5.6,"Sciurus"
"Capreolus capreolus (Linnaeus, 1758)",60.376812,11.60467,"Capreolus"
"Alces alces (Linnaeus, 1758)",58.98,24.09,"Alces"
"Vulpes vulpes (Linnaeus, 1758)",59.25,24.88,"Vulpes"
"Sciurus vulgaris Linnaeus, 1758",63.188992,14.610011,"Sciurus"
"Sciurus niger Linnaeus, 1758",45.479046,-122.641403,"Sciurus"
"Tamandua mexicana (Saussure, 1860)",5.348903,-72.400523,"Tamandua"
"Meles meles (Linnaeus, 1758)",53.09,-3.27,"Meles"
"Vulpes vulpes (Linnaeus, 1758)",-35.681023,148.487119,"Vulpes"
"Oryctolagus cuniculus (Linnaeus, 1758)",-32.38721,150.88855,"Oryctolagus"
"Wallabia bicolor (Desmarest, 1804)",-35.603764,149.513845,"Wallabia"
"Lutra lutra (Linnaeus, 1758)",59.665474,17.38267,"Lutra"
"Alces alces (Linnaeus, 1758)",63.27049,13.643792,"Alces"
"Ovis aries musimon (Pallas, 1811)",58.904633,17.488492,"Ovis"
"Capreolus capreolus (Linnaeus, 1758)",58.497308,12.325461,"Capreolus"
"Capreolus capreolus (Linnaeus, 1758)",65.27631,19.685699,"Capreolus"
"Capreolus capreolus (Linnaeus, 1758)",56.476921,16.131021,"Capreolus"
"Capreolus capreolus (Linnaeus, 1758)",62.106769,16.699304,"Capreolus"
"Vulpes vulpes (Linnaeus, 1758)",59.826667,17.674578,"Vulpes"
"Lepus europaeus Pallas, 1778",57.912462,15.768847,"Lepus"
"Alces alces (Linnaeus, 1758)",63.133214,14.651891,"Alces"
"Alces alces (Linnaeus, 1758)",65.820424,21.602318,"Alces"
"Sus scrofa Linnaeus, 1758",55.68102,13.427981,"Sus"
"Capreolus capreolus (Linnaeus, 1758)",59.193538,18.053972,"Capreolus"
"Sciurus vulgaris Linnaeus, 1758",55.392183,12.848226,"Sciurus"
"Sciurus vulgaris Linnaeus, 1758",65.829978,24.135782,"Sciurus"
"Lutra lutra (Linnaeus, 1758)",60.558874,16.613128,"Lutra"
"Sciurus vulgaris Linnaeus, 1758",63.996164,19.683885,"Sciurus"
"Alces alces (Linnaeus, 1758)",58.311724,12.048169,"Alces"
"Lutra lutra (Linnaeus, 1758)",60.604175,17.988278,"Lutra"
"Lutra lutra (Linnaeus, 1758)",59.913249,17.575961,"Lutra"
"Halichoerus grypus (Fabricius, 1791)",58.797575,17.800378,"Halichoerus"
"Sciurus vulgaris Linnaeus, 1758",57.770383,11.97448,"Sciurus"
"Rattus norvegicus (Berkenhout, 1769)",59.348402,17.89497,"Rattus"
"Phoca vitulina Linnaeus, 1758",62.506349,6.029717,"Phoca"
"Capreolus capreolus (Linnaeus, 1758)",58.82417,5.749344,"Capreolus"
"Galeopterus variegatus (Audebert, 1799)",1.344722,103.783058,"Galeopterus"
"Odocoileus virginianus (Zimmermann, 1780)",30.376567,-103.536358,"Odocoileus"
"Genetta tigrina (Schreber, 1776)",-33.942538,22.461157,"Genetta"
"Vulpes vulpes (Linnaeus, 1758)",-36.581456,149.385342,"Vulpes"
"Phascolarctos cinereus (Goldfuss, 1817)",-32.73789,152.03084,"Phascolarctos"
"Vombatus ursinus (Shaw, 1800)",-36.598231,149.375754,"Vombatus"
"Isoodon macrourus (Gould, 1842)",-32.639774,152.163953,"Isoodon"
"Dama dama (Linnaeus, 1758)",-36.582716,149.385459,"Dama"
"Trichosurus vulpecula (Kerr, 1792)",-29.072522,153.034336,"Trichosurus"
"Dasyprocta punctata Gray, 1842",6.805806,-74.213444,"Dasyprocta"
"Papio anubis (Lesson, 1827)",0.458906,30.370439,"Papio"
"Sus scrofa Linnaeus, 1758",46.31673,6.31492,"Sus"
"Meles meles (Linnaeus, 1758)",46.31673,6.31492,"Meles"
"Vulpes vulpes (Linnaeus, 1758)",40.794959,-96.638176,"Vulpes"
"Sylvilagus floridanus (J.A.Allen, 1890)",38.072334,-76.647475,"Sylvilagus"
"Pipistrellus pipistrellus (Schreber, 1774)",52.87265,0.98924,"Pipistrellus"
"Rhinolophus hipposideros (Bechstein, 1800)",50.51,-4.07,"Rhinolophus"
"Lagenorhynchus acutus (Gray, 1828)",58.265084,-6.111629,"Lagenorhynchus"
"Halichoerus grypus (Fabricius, 1791)",57.67378,-3.09335,"Halichoerus"
"Sciurus carolinensis Gmelin, 1788",56.46772,-2.85775,"Sciurus"
"Dasyprocta punctata Gray, 1842",NA,NA,"Dasyprocta"
"Sciurus granatensis Humboldt, 1811",NA,NA,"Sciurus"
"Dasyprocta punctata Gray, 1842",NA,NA,"Dasyprocta"
"Lagothrix cana (É.Geoffroy Saint-Hilaire, 1812)",-12.124795,-71.232467,"Lagothrix"
"Ratufa indica (Erxleben, 1777)",11.388522,76.683042,"Ratufa"
"Eira barbara (Linnaeus, 1758)",6.805806,-74.213444,"Eira"
"Osphranter Gould, 1842",-32.393871,151.034995,"Osphranter"
"Trichosurus cunninghami Lindenmayer, Dubach & Viggers, 2002",-35.729992,148.488847,"Trichosurus"
"Pseudocheirus peregrinus (Boddaert, 1785)",-32.982329,151.527241,"Pseudocheirus"
"Macropus rufogriseus (Desmarest, 1817)",-35.605263,149.504621,"Macropus"
"Petauroides volans (Kerr, 1792)",-35.603819,149.511231,"Petauroides"
"Macropus giganteus Shaw & Nodder, 1790",-32.666999,152.079078,"Macropus"
"Petaurus breviceps breviceps",-35.780512,150.164117,"Petaurus"
"Phascolarctos cinereus (Goldfuss, 1817)",-34.10355,150.80998,"Phascolarctos"
"Chalinolobus morio (Gray, 1841)",-31.385804,151.87458,"Chalinolobus"
"Petaurus australis Shaw & Nodder, 1791",-29.784825,153.201544,"Petaurus"
"Vombatus ursinus (Shaw, 1800)",-35.417603,150.268676,"Vombatus"
"Pseudocheirus peregrinus (Boddaert, 1785)",-36.623296,149.382563,"Pseudocheirus"
"Vombatus ursinus (Shaw, 1800)",-35.992865,148.45732,"Vombatus"
"Rattus fuscipes (Waterhouse, 1839)",-35.731724,148.485838,"Rattus"
"Potorous tridactylus (Kerr, 1792)",-31.65575,152.472614,"Potorous"
"Petaurus australis Shaw & Nodder, 1791",-30.703218,152.721902,"Petaurus"
"Pseudocheirus peregrinus (Boddaert, 1785)",-32.939132,151.572674,"Pseudocheirus"
"Trichosurus vulpecula (Kerr, 1792)",-33.88969,150.96059,"Trichosurus"
"Petaurus norfolcensis (Kerr, 1792)",-32.206209,152.503845,"Petaurus"
"Castor fiber Linnaeus, 1758",53.248056,51.2725,"Castor"
"Castor fiber Linnaeus, 1758",56.694367,38.644352,"Castor"
"Castor fiber Linnaeus, 1758",56.491944,38.413,"Castor"
"Lepus timidus Linnaeus, 1758",63.014943,8.692314,"Lepus"
"Lepus europaeus Pallas, 1778",52.00954,0.47736,"Lepus"
"Meles meles (Linnaeus, 1758)",50.85,0.49,"Meles"
"Talpa europaea Linnaeus, 1758",53.1799,-2.7814,"Talpa"
"Sciurus vulgaris Linnaeus, 1758",57.4594,-4.2267,"Sciurus"
"Sciurus carolinensis Gmelin, 1788",53.1927,-2.8893,"Sciurus"
"Sciurus carolinensis Gmelin, 1788",54.92193,-2.8527,"Sciurus"
"Vulpes vulpes (Linnaeus, 1758)",55.90527,-3.03323,"Vulpes"
"Vulpes vulpes (Linnaeus, 1758)",53.1976,-2.5086,"Vulpes"
"Capreolus capreolus (Linnaeus, 1758)",54.23868,-2.76598,"Capreolus"
"Dama dama (Linnaeus, 1758)",51.935,0.2166,"Dama"
"Sciurus vulgaris Linnaeus, 1758",56.2833,-3.1159,"Sciurus"
"Myodes glareolus (Schreber, 1780)",53.1399,-1.44312,"Myodes"
"Oryctolagus cuniculus (Linnaeus, 1758)",51.32535,0.6615,"Oryctolagus"
"Vulpes vulpes (Linnaeus, 1758)",50.811,-0.0292,"Vulpes"
"Cuniculus paca (Linnaeus, 1766)",6.805333,-74.210861,"Cuniculus"
"Mephitis mephitis (Schreber, 1776)",34.31815,-86.495822,"Mephitis"
"Tragelaphus angasii Angas, 1849",-23.988385,31.55474,"Tragelaphus"
"Sciurus carolinensis Gmelin, 1788",42.327972,-72.54305,"Sciurus"
"Saimiri boliviensis (I.Geoffroy Saint-Hilaire & de Blainville, 1834)",-12.200079,-71.006342,"Saimiri"
"Teleoceras Hatcher, 1894",29.31,-82.43,"Teleoceras"
"Phascolarctos cinereus (Goldfuss, 1817)",-27.217512,153.025094,"Phascolarctos"
"Tragelaphus scriptus (Pallas, 1766)",12.448482,2.38504,"Tragelaphus"
"Sciurus vulgaris Linnaeus, 1758",59.004377,9.738807,"Sciurus"
"Sciurus vulgaris Linnaeus, 1758",58.160091,8.088323,"Sciurus"
"Sciurus vulgaris Linnaeus, 1758",59.903921,10.852808,"Sciurus"
"Sciurus vulgaris Linnaeus, 1758",59.388867,9.292245,"Sciurus"
"Capreolus capreolus (Linnaeus, 1758)",60.713394,11.117406,"Capreolus"
"Sciurus vulgaris Linnaeus, 1758",60.270858,5.325465,"Sciurus"
"Sciurus vulgaris Linnaeus, 1758",59.857009,10.821681,"Sciurus"
"Myotis brandtii (Eversmann, 1845)",51.715982,5.404814,"Myotis"
"Hippopotamus amphibius Linnaeus, 1758",-0.633152,30.881584,"Hippopotamus"
"Tachyglossus aculeatus (Shaw, 1792)",-37.837918,145.398034,"Tachyglossus"
"Lynx rufus (Schreber, 1777)",45.556925,-64.908867,"Lynx"
"Sciurus carolinensis Gmelin, 1788",30.083963,-95.695015,"Sciurus"
"Macropus parryi Bennett, 1834",-27.724804,153.329306,"Macropus"
"Nasua narica (Linnaeus, 1766)",19.624059,-101.097598,"Nasua"
"Lontra canadensis (Schreber, 1777)",45.795794,-122.763419,"Lontra"
"Dasypus novemcinctus Linnaeus, 1758",28.631063,-82.583237,"Dasypus"
"Sciurus carolinensis Gmelin, 1788",38.994622,-75.364323,"Sciurus"
"Ovis canadensis Shaw, 1804",33.82666,-116.144484,"Ovis"
"Sylvilagus audubonii (Baird, 1858)",32.927427,-117.080784,"Sylvilagus"
"Mammalia",-33.4,151.5,"Mammalia"
"Wallabia bicolor (Desmarest, 1804)",-38.502253,145.153867,"Wallabia"
"Canis latrans Say, 1823",39.957775,-105.156273,"Canis"
"Odocoileus hemionus columbianus (Richardson, 1829)",48.418415,-123.300526,"Odocoileus"
"Tamiasciurus hudsonicus (Erxleben, 1777)",44.483107,-77.295873,"Tamiasciurus"
"Castor canadensis Kuhl, 1820",32.711208,-95.183602,"Castor"
"Canis latrans Say, 1823",32.281674,-111.02399,"Canis"
"Mirounga angustirostris (Gill, 1866)",37.162198,-122.362568,"Mirounga"
"Procyon lotor (Linnaeus, 1758)",33.055563,-100.515975,"Procyon"
"Ursus americanus Pallas, 1780",25.290892,-100.898753,"Ursus"
"Tursiops truncatus (Montagu, 1821)",29.134077,-83.031254,"Tursiops"
"Hippopotamus amphibius Linnaeus, 1758",11.540259,1.559744,"Hippopotamus"
"Damaliscus lunatus (Burchell, 1823)",-23.582717,31.554156,"Damaliscus"
"Panthera leo leo",11.219175,1.546934,"Panthera"
"Tamiasciurus hudsonicus (Erxleben, 1777)",57.045092,-135.31472,"Tamiasciurus"
"Odocoileus virginianus (Zimmermann, 1780)",44.327945,-80.938818,"Odocoileus"
"Dasypus novemcinctus Linnaeus, 1758",33.410592,-97.589393,"Dasypus"
"Connochaetes taurinus taurinus",-28.3153,32.4323,"Connochaetes"
"Sciurus carolinensis Gmelin, 1788",42.355483,-71.066667,"Sciurus"
"Trichechus manatus latirostris (Harlan, 1824)",28.988505,-81.313698,"Trichechus"
"Canis latrans Say, 1823",49.168405,-123.195608,"Canis"
"Otospermophilus variegatus (Erxleben, 1777)",30.500952,-98.822794,"Otospermophilus"
"Phoca vitulina Linnaeus, 1758",36.620729,-121.905885,"Phoca"
"Ondatra zibethicus (Linnaeus, 1766)",44.922473,-93.359859,"Ondatra"
"Sciurus carolinensis Gmelin, 1788",29.99982,-90.169392,"Sciurus"
"Miniopterus schreibersii (Kuhl, 1817)",38.239153,-3.940206,"Miniopterus"
"Didelphis virginiana Kerr, 1792",42.611202,-71.574515,"Didelphis"
"Cercopithecus mitis kolbi Neumann, 1902",-1.262168,36.824469,"Cercopithecus"
"Didelphis virginiana Kerr, 1792",41.265034,-81.48212,"Didelphis"
"Aepyceros melampus melampus",-27.563716,31.261382,"Aepyceros"
"Cerdocyon thous (Linnaeus, 1766)",3.455164,-72.221375,"Cerdocyon"
"Sciurus carolinensis Gmelin, 1788",42.972452,-81.28977,"Sciurus"
"Odocoileus virginianus (Zimmermann, 1780)",28.787053,-82.338731,"Odocoileus"
"Alces alces (Linnaeus, 1758)",70.426164,28.512399,"Alces"
"Cervus elaphus Linnaeus, 1758",59.514322,9.339703,"Cervus"
"Sciurus vulgaris Linnaeus, 1758",59.777355,10.408765,"Sciurus"
"Alces alces (Linnaeus, 1758)",69.522578,20.213861,"Alces"
"Sorex araneus Linnaeus, 1758",61.607635,9.708901,"Sorex"
"Sciurus vulgaris Linnaeus, 1758",60.776926,11.351577,"Sciurus"
"Myodes glareolus (Schreber, 1780)",61.163365,5.920158,"Myodes"
"Capreolus capreolus (Linnaeus, 1758)",59.897893,10.592431,"Capreolus"
"Sciurus vulgaris Linnaeus, 1758",59.991955,10.920876,"Sciurus"
"Sciurus vulgaris Linnaeus, 1758",59.681116,10.661108,"Sciurus"
"Sciurus vulgaris Linnaeus, 1758",63.182737,8.735754,"Sciurus"
"Sciurus vulgaris Linnaeus, 1758",61.580788,9.895896,"Sciurus"
"Cervus elaphus Linnaeus, 1758",62.438228,6.406407,"Cervus"
"Sciurus vulgaris Linnaeus, 1758",59.970678,10.928845,"Sciurus"
"Sciurus vulgaris Linnaeus, 1758",63.404356,10.795112,"Sciurus"
"Sciurus vulgaris Linnaeus, 1758",59.944354,10.925089,"Sciurus"
"Sciurus vulgaris Linnaeus, 1758",60.797138,9.541235,"Sciurus"
"Sciurus vulgaris Linnaeus, 1758",59.880991,11.238506,"Sciurus"
"Sciurus vulgaris Linnaeus, 1758",59.46718,11.647136,"Sciurus"
"Sciurus vulgaris Linnaeus, 1758",60.06514,6.53137,"Sciurus"
"Felis catus Linnaeus, 1758",64.52856,11.312893,"Felis"
"Capreolus capreolus (Linnaeus, 1758)",59.938887,10.665141,"Capreolus"
"Sciurus vulgaris Linnaeus, 1758",69.333996,18.892851,"Sciurus"
"Sciurus vulgaris Linnaeus, 1758",60.224515,11.020495,"Sciurus"
"Sciurus vulgaris Linnaeus, 1758",59.668964,9.669869,"Sciurus"
"Sciurus vulgaris Linnaeus, 1758",60.928797,11.005974,"Sciurus"
"Sciurus vulgaris Linnaeus, 1758",59.751086,10.455044,"Sciurus"
"Sciurus vulgaris Linnaeus, 1758",63.353206,10.250666,"Sciurus"
"Sciurus vulgaris Linnaeus, 1758",60.801596,10.855231,"Sciurus"
"Capreolus capreolus (Linnaeus, 1758)",69.936471,23.24894,"Capreolus"
"Sciurus vulgaris Linnaeus, 1758",59.662798,10.643218,"Sciurus"
"Sciurus vulgaris Linnaeus, 1758",61.484308,9.375351,"Sciurus"
"Sciurus vulgaris Linnaeus, 1758",66.094683,13.814271,"Sciurus"
"Sciurus vulgaris Linnaeus, 1758",59.674113,10.810338,"Sciurus"
"Sciurus vulgaris Linnaeus, 1758",58.109454,6.932161,"Sciurus"
"Vulpes vulpes (Linnaeus, 1758)",66.164135,13.974121,"Vulpes"
"Capreolus capreolus (Linnaeus, 1758)",60.882802,11.205576,"Capreolus"
"Alces alces (Linnaeus, 1758)",66.164135,13.974121,"Alces"
"Sciurus vulgaris Linnaeus, 1758",60.413641,11.474799,"Sciurus"
"Sciurus vulgaris Linnaeus, 1758",60.032922,10.013015,"Sciurus"
"Alces alces (Linnaeus, 1758)",61.085637,10.472197,"Alces"
"Sciurus vulgaris Linnaeus, 1758",60.846061,10.961013,"Sciurus"
"Felis catus Linnaeus, 1758",59.494723,6.254657,"Felis"
"Sciurus vulgaris Linnaeus, 1758",59.400362,10.656917,"Sciurus"
"Sciurus vulgaris Linnaeus, 1758",64.22723,12.349445,"Sciurus"
"Sciurus vulgaris Linnaeus, 1758",61.101259,10.715128,"Sciurus"
"Sciurus vulgaris Linnaeus, 1758",61.726069,9.547877,"Sciurus"
"Alces alces (Linnaeus, 1758)",60.879875,10.946826,"Alces"
"Sciurus vulgaris Linnaeus, 1758",60.684877,11.3885,"Sciurus"
"Capreolus capreolus (Linnaeus, 1758)",60.910433,11.614972,"Capreolus"
"Felis catus Linnaeus, 1758",65.281541,12.163655,"Felis"
"Capreolus capreolus (Linnaeus, 1758)",58.107033,7.949592,"Capreolus"
"Felis catus Linnaeus, 1758",59.422621,10.683365,"Felis"
"Gulo gulo (Linnaeus, 1758)",64.042795,13.894799,"Gulo"
"Sciurus vulgaris Linnaeus, 1758",63.255652,10.438176,"Sciurus"
"Sciurus vulgaris Linnaeus, 1758",60.6608,10.47128,"Sciurus"
"Ammospermophilus nelsoni (Merriam, 1893)",35.115882,-119.387469,"Ammospermophilus"
"Capreolus capreolus (Linnaeus, 1758)",59.945743,11.031132,"Capreolus"
"Vulpes vulpes (Linnaeus, 1758)",63.249545,10.438666,"Vulpes"
"Cervus elaphus Linnaeus, 1758",63.634007,8.860398,"Cervus"
"Sciurus vulgaris Linnaeus, 1758",63.777955,11.49416,"Sciurus"
"Sciurus vulgaris Linnaeus, 1758",59.983791,11.144922,"Sciurus"
"Phoca vitulina Linnaeus, 1758",60.653416,4.7882,"Phoca"
"Neovison vison (Schreber, 1777)",59.130129,11.700898,"Neovison"
"Rattus norvegicus (Berkenhout, 1769)",50.79303,4.98802,"Rattus"
"Oryctolagus cuniculus (Linnaeus, 1758)",51.06428,3.67813,"Oryctolagus"
"Oryctolagus cuniculus (Linnaeus, 1758)",51.16724,3.57278,"Oryctolagus"
"Oryctolagus cuniculus (Linnaeus, 1758)",51.12124,3.38428,"Oryctolagus"
"Oryctolagus cuniculus (Linnaeus, 1758)",50.77834,5.43294,"Oryctolagus"
"Oryctolagus cuniculus (Linnaeus, 1758)",50.88031,4.30999,"Oryctolagus"
"Macropus rufogriseus (Desmarest, 1817)",-41.660601,145.952682,"Macropus"
"Odobenus rosmarus (Linnaeus, 1758)",NA,NA,"Odobenus"
"Allochrocebus lhoesti (Sclater, 1899)",-1.001439,29.697269,"Allochrocebus"
"Alces alces (Linnaeus, 1758)",64.221067,12.313783,"Alces"
"Capreolus capreolus (Linnaeus, 1758)",63.777955,11.49416,"Capreolus"
"Didelphis virginiana Kerr, 1792",20.749693,-103.560562,"Didelphis"
"Sciurus carolinensis Gmelin, 1788",38.976354,-76.945497,"Sciurus"
"Sus scrofa Linnaeus, 1758",27.600905,-97.50348,"Sus"
"Oryctolagus cuniculus (Linnaeus, 1758)",-41.295533,174.689683,"Oryctolagus"
"Balaenoptera physalus (Linnaeus, 1758)",-62.384961,-58.835879,"Balaenoptera"
"Gomphotheriidae",29.31,-82.43,"Gomphotheriidae"
"Procyon lotor (Linnaeus, 1758)",39.829002,-74.990536,"Procyon"
"Atelerix albiventris (Wagner, 1841)",-1.360187,36.720004,"Atelerix"
"Sus scrofa Linnaeus, 1758",59.595783,13.597906,"Sus"
"Neovison vison (Schreber, 1777)",59.565067,16.866624,"Neovison"
"Lutra lutra (Linnaeus, 1758)",62.25438,16.248987,"Lutra"
"Lepus timidus Linnaeus, 1758",63.796255,20.451854,"Lepus"
"Castor fiber Linnaeus, 1758",59.216557,18.062857,"Castor"
"Sus scrofa Linnaeus, 1758",57.728918,12.140462,"Sus"
"Capreolus capreolus (Linnaeus, 1758)",48.829334,12.173403,"Capreolus"
"Dama dama (Linnaeus, 1758)",49.979488,8.509169,"Dama"
"Castor fiber Linnaeus, 1758",52.489365,10.561874,"Castor"
"Capreolus capreolus (Linnaeus, 1758)",51.410236,9.850788,"Capreolus"
"Capreolus capreolus (Linnaeus, 1758)",53.225872,10.35809,"Capreolus"
"Castor fiber Linnaeus, 1758",50.482197,6.623297,"Castor"
"Lepus europaeus Pallas, 1778",49.116707,10.39768,"Lepus"
"Lepus europaeus Pallas, 1778",51.391758,12.368983,"Lepus"
"Vulpes vulpes (Linnaeus, 1758)",48.552639,8.932056,"Vulpes"
"Vulpes vulpes (Linnaeus, 1758)",53.952652,11.233864,"Vulpes"
"Vulpes vulpes (Linnaeus, 1758)",52.540134,10.869169,"Vulpes"
"Castor fiber Linnaeus, 1758",52.5289,10.3511,"Castor"
"Capreolus capreolus (Linnaeus, 1758)",52.002811,9.860173,"Capreolus"
"Sciurus vulgaris Linnaeus, 1758",53.899887,10.746485,"Sciurus"
"Sciurus vulgaris Linnaeus, 1758",50.137085,8.688469,"Sciurus"
"Sciurus Linnaeus, 1758",51.292728,12.641792,"Sciurus"
"Sciurus vulgaris Linnaeus, 1758",50.640015,7.177313,"Sciurus"
"Sciurus vulgaris Linnaeus, 1758",52.537945,10.151367,"Sciurus"
"Sciurus vulgaris Linnaeus, 1758",51.199383,6.755347,"Sciurus"
"Myocastor coypus (Molina, 1782)",51.875801,7.261147,"Myocastor"
"Capreolus capreolus (Linnaeus, 1758)",52.102303,9.774085,"Capreolus"
"Castor fiber Linnaeus, 1758",53.504341,14.116917,"Castor"
"Dama dama (Linnaeus, 1758)",48.873989,10.457094,"Dama"
"Tachyglossus aculeatus (Shaw, 1792)",-37.885372,145.32193,"Tachyglossus"
"Myocastor coypus (Molina, 1782)",45.320584,7.899193,"Myocastor"
"Sciurus granatensis Humboldt, 1811",6.805806,-74.213444,"Sciurus"
"Leopardus pardalis (Linnaeus, 1758)",6.803944,-74.212917,"Leopardus"
"Cuniculus paca (Linnaeus, 1766)",NA,NA,"Cuniculus"
"Sciurus granatensis Humboldt, 1811",NA,NA,"Sciurus"
"Dasyprocta punctata Gray, 1842",NA,NA,"Dasyprocta"
"Dasyprocta punctata Gray, 1842",NA,NA,"Dasyprocta"
"Dasyprocta punctata Gray, 1842",NA,NA,"Dasyprocta"
"Trichosurus vulpecula (Kerr, 1792)",-31.455912,152.821427,"Trichosurus"
"Macropus rufogriseus (Desmarest, 1817)",-32.389042,150.888748,"Macropus"
"Petaurus norfolcensis (Kerr, 1792)",-33.211,151.485,"Petaurus"
"Trichosurus vulpecula (Kerr, 1792)",-32.42371,150.87294,"Trichosurus"
"Nyctophilus Leach, 1821",-32.947691,151.590914,"Nyctophilus"
"Vespadelus Troughton, 1943",-29.180996,152.456547,"Vespadelus"
"Wallabia bicolor (Desmarest, 1804)",-28.971037,153.438757,"Wallabia"
"Antechinus stuartii MacLeay, 1841",-30.560305,152.201268,"Antechinus"
"Vulpes vulpes (Linnaeus, 1758)",-35.730713,148.497551,"Vulpes"
"Petaurus australis Shaw & Nodder, 1791",-37.355763,149.716745,"Petaurus"
"Petauroides volans (Kerr, 1792)",-35.602572,149.516987,"Petauroides"
"Vespadelus darlingtoni (G.M.Allen, 1933)",-34.831357,150.539048,"Vespadelus"
"Vulpes vulpes (Linnaeus, 1758)",-32.387169,150.888535,"Vulpes"
"Talpa europaea Linnaeus, 1758",53.7608,-1.4481,"Talpa"
"Vulpes vulpes (Linnaeus, 1758)",53.0155,-2.2255,"Vulpes"
"Sciurus carolinensis Gmelin, 1788",54.297,-0.6475,"Sciurus"
"Mustela putorius Linnaeus, 1758",52.2294,-3.422,"Mustela"
"Vulpes vulpes (Linnaeus, 1758)",52.02164,0.45383,"Vulpes"
"Muntiacus reevesi (Ogilby, 1839)",52.03054,0.47531,"Muntiacus"
"Oryctolagus cuniculus (Linnaeus, 1758)",57.2898,-4.3746,"Oryctolagus"
"Sciurus carolinensis Gmelin, 1788",53.2554,-3.0331,"Sciurus"
"Capreolus capreolus (Linnaeus, 1758)",53.1156,-1.316,"Capreolus"
"Dama dama (Linnaeus, 1758)",52.00882,0.46479,"Dama"
"Talpa europaea Linnaeus, 1758",55.934,-2.98507,"Talpa"
"Oryctolagus cuniculus (Linnaeus, 1758)",53.36897,-1.81548,"Oryctolagus"
"Sciurus carolinensis Gmelin, 1788",51.364,1.2588,"Sciurus"
"Erinaceus europaeus Linnaeus, 1758",49.49,6.1,"Erinaceus"
"Vulpes vulpes (Linnaeus, 1758)",-33.416198,150.26037,"Vulpes"
"Equus caballus Linnaeus, 1758",-33.388695,150.264619,"Equus"
"Vombatus ursinus (Shaw, 1800)",-33.414249,150.223815,"Vombatus"
"Antechinus MacLeay, 1841",-36.582716,149.385459,"Antechinus"
"Vulpes vulpes (Linnaeus, 1758)",-33.693135,150.875247,"Vulpes"
"Chalinolobus gouldii (Gray, 1841)",-33.693135,150.875247,"Chalinolobus"
"Odocoileus virginianus (Zimmermann, 1780)",43.26785,-79.918199,"Odocoileus"
"Lutra lutra (Linnaeus, 1758)",56.028278,14.14648,"Lutra"
"Capreolus capreolus (Linnaeus, 1758)",66.609062,19.809604,"Capreolus"
"Mustela erminea Linnaeus, 1758",63.762832,19.86679,"Mustela"
"Dama dama (Linnaeus, 1758)",59.02584,17.639633,"Dama"
"Capreolus capreolus (Linnaeus, 1758)",56.593854,12.933575,"Capreolus"
"Dama dama (Linnaeus, 1758)",56.250627,16.422335,"Dama"
"Sciurus vulgaris Linnaeus, 1758",60.145838,16.321347,"Sciurus"
"Dama dama (Linnaeus, 1758)",56.704316,12.906832,"Dama"
"Sus scrofa Linnaeus, 1758",55.674491,13.51192,"Sus"
"Capreolus capreolus (Linnaeus, 1758)",56.710775,12.901029,"Capreolus"
"Capreolus capreolus (Linnaeus, 1758)",56.136199,12.663245,"Capreolus"
"Capreolus capreolus (Linnaeus, 1758)",56.169167,12.762311,"Capreolus"
"Vulpes vulpes (Linnaeus, 1758)",59.541433,16.66798,"Vulpes"
"Dama dama (Linnaeus, 1758)",58.325236,15.467381,"Dama"
"Capreolus capreolus (Linnaeus, 1758)",57.116843,13.685914,"Capreolus"
"Vulpes vulpes (Linnaeus, 1758)",59.896308,16.796807,"Vulpes"
"Sciurus vulgaris Linnaeus, 1758",55.687937,13.182534,"Sciurus"
"Capreolus capreolus (Linnaeus, 1758)",55.921533,14.328874,"Capreolus"
"Vulpes vulpes (Linnaeus, 1758)",56.914999,14.502106,"Vulpes"
"Capreolus capreolus (Linnaeus, 1758)",58.316102,15.667939,"Capreolus"
"Mustela putorius Linnaeus, 1758",58.489393,11.448912,"Mustela"
"Vulpes vulpes (Linnaeus, 1758)",56.611778,14.191675,"Vulpes"
"Phoca vitulina Linnaeus, 1758",57.891082,11.662693,"Phoca"
"Lepus europaeus Pallas, 1778",56.41903,16.392826,"Lepus"
"Capreolus capreolus (Linnaeus, 1758)",57.971767,12.661206,"Capreolus"
"Lutra lutra (Linnaeus, 1758)",59.843356,18.731356,"Lutra"
"Dama dama (Linnaeus, 1758)",59.002138,17.172752,"Dama"
"Lutra lutra (Linnaeus, 1758)",59.037849,17.332365,"Lutra"
"Sus scrofa Linnaeus, 1758",55.785107,13.781468,"Sus"
"Sciurus vulgaris Linnaeus, 1758",57.732309,11.969198,"Sciurus"
"Sciurus vulgaris Linnaeus, 1758",59.292841,18.100191,"Sciurus"
"Vulpes vulpes (Linnaeus, 1758)",59.674728,6.414618,"Vulpes"
"Rattus norvegicus (Berkenhout, 1769)",60.364812,5.342092,"Rattus"
"Halichoerus grypus (Fabricius, 1791)",59.306526,4.858377,"Halichoerus"
"Phoca vitulina Linnaeus, 1758",58.128405,8.151519,"Phoca"
"Lepus timidus Linnaeus, 1758",59.671353,6.408465,"Lepus"
"Sciurus vulgaris Linnaeus, 1758",59.806221,10.684185,"Sciurus"
"Martes martes (Linnaeus, 1758)",59.651125,10.535127,"Martes"
"Alces alces (Linnaeus, 1758)",59.991775,10.779442,"Alces"
"Rattus norvegicus (Berkenhout, 1769)",59.786251,5.126407,"Rattus"
"Alces alces (Linnaeus, 1758)",68.148338,15.45352,"Alces"
"Alces alces (Linnaeus, 1758)",68.039536,15.381969,"Alces"
"Capreolus capreolus (Linnaeus, 1758)",58.939755,6.090838,"Capreolus"
"Sciurus vulgaris Linnaeus, 1758",62.985366,27.695864,"Sciurus"
"Felis catus Linnaeus, 1758",60.541844,25.994913,"Felis"
"Apodemus flavicollis (Melchior, 1834)",60.6943,21.747303,"Apodemus"
"Capreolus capreolus (Linnaeus, 1758)",60.612597,24.531564,"Capreolus"
"Mustela nivalis Linnaeus, 1766",60.813314,26.353911,"Mustela"
"Sciurus vulgaris Linnaeus, 1758",61.524406,21.825207,"Sciurus"
"Odocoileus virginianus (Zimmermann, 1780)",45.104843,-73.215507,"Odocoileus"
"Capreolus capreolus (Linnaeus, 1758)",51.9,4.9,"Capreolus"
"Sus scrofa Linnaeus, 1758",52.3,5.8,"Sus"
"Phoca vitulina Linnaeus, 1758",51.4,3.55,"Phoca"
"Capreolus capreolus (Linnaeus, 1758)",52.15,5.05,"Capreolus"
"Capreolus capreolus (Linnaeus, 1758)",51.7,5.7,"Capreolus"
"Capreolus capreolus (Linnaeus, 1758)",51.7,5.6,"Capreolus"
"Capreolus capreolus (Linnaeus, 1758)",51.6,5.1,"Capreolus"
"Meles meles (Linnaeus, 1758)",51.8,5.95,"Meles"
"Rattus norvegicus (Berkenhout, 1769)",52.15,4.45,"Rattus"
"Lepus europaeus Pallas, 1778",52,6.25,"Lepus"
"Phoca vitulina Linnaeus, 1758",51.7,3.65,"Phoca"
"Lepus europaeus Pallas, 1778",52.45,6.05,"Lepus"
"Mustela putorius Linnaeus, 1758",51.7,5.65,"Mustela"
"Lepus europaeus Pallas, 1778",51.95,6.25,"Lepus"
"Sciurus vulgaris Linnaeus, 1758",52.05,4.3,"Sciurus"
"Sciurus vulgaris Linnaeus, 1758",52.05,4.3,"Sciurus"
"Lepus europaeus Pallas, 1778",52.05,4.9,"Lepus"
"Lepus europaeus Pallas, 1778",51.7,5.75,"Lepus"
"Phocoena phocoena (Linnaeus, 1758)",52.7,4.6,"Phocoena"
"Apodemus sylvaticus (Linnaeus, 1758)",51.85,4.5,"Apodemus"
"Capreolus capreolus (Linnaeus, 1758)",51.85,4.2,"Capreolus"
"Capreolus capreolus (Linnaeus, 1758)",53.15,5.75,"Capreolus"
"Capreolus capreolus (Linnaeus, 1758)",52.85,6,"Capreolus"
"Phoca vitulina Linnaeus, 1758",51.7,3.8,"Phoca"
"Capreolus capreolus (Linnaeus, 1758)",53.15,7,"Capreolus"
"Mustela putorius Linnaeus, 1758",52.05,4.7,"Mustela"
"Capreolus capreolus (Linnaeus, 1758)",51.75,4.2,"Capreolus"
"Capreolus capreolus (Linnaeus, 1758)",52.9,6.8,"Capreolus"
"Halichoerus grypus (Fabricius, 1791)",52.45,4.5,"Halichoerus"
"Capreolus capreolus (Linnaeus, 1758)",53,6.8,"Capreolus"
"Lepus europaeus Pallas, 1778",52.45,4.6,"Lepus"
"Lepus europaeus Pallas, 1778",51.5,5.55,"Lepus"
"Plecotus auritus (Linnaeus, 1758)",51.7,5.55,"Plecotus"
"Capreolus capreolus (Linnaeus, 1758)",52.15,5.2,"Capreolus"
